state,num
Alabama,0.07692307692307693
Alaska,0.16666666666666666
Arizona,0.1724137931034483
Arkansas,0.045454545454545456
California,0.23776223776223776
Colorado,0.14814814814814814
Connecticut,0.2222222222222222
Delaware,0.16666666666666666
District of Columbia,0.5
Florida,0.17391304347826086
Georgia,0.06521739130434782
Hawaii,0.38461538461538464
Idaho,0.07142857142857142
Illinois,0.14705882352941177
Indiana,0.11428571428571428
Iowa,0.05555555555555555
Kansas,0.23809523809523808
Kentucky,0.04
Louisiana,0.0625
Maine,0.23076923076923078
Maryland,0.20833333333333334
Massachusetts,0.0967741935483871
Michigan,0.12962962962962962
Minnesota,0.09090909090909091
Mississippi,0
Missouri,0.25806451612903225
Montana,0
Nebraska,0.1111111111111111
Nevada,0.29411764705882354
New Hampshire,0.29411764705882354
New Jersey,0.047619047619047616
New Mexico,0.15384615384615385
New York,0.17894736842105263
North Carolina,0.15555555555555556
North Dakota,0.2222222222222222
Ohio,0.14516129032258066
Oklahoma,0.043478260869565216
Oregon,0.15789473684210525
Pennsylvania,0.05555555555555555
Puerto Rico,0.14285714285714285
Rhode Island,0.09090909090909091
South Carolina,0.047619047619047616
South Dakota,0.25
Tennessee,0.1
Texas,0.05747126436781609
Utah,0.17647058823529413
Vermont,0
Virginia,0.1
Washington,0.28125
West Virginia,0.08333333333333333
Wisconsin,0.06896551724137931
Wyoming,0.375
Virgin Islands,0
American Samoa,0
Guam,0
Northern Mariana Islands,0
